"","GEOID","NAME","moe","asian_alone","associates","bachelors","below_poverty","black_alone","doctorate","hispanic","hs_graduate","labor_force","land_area","less_than_9th","masters","native_american","other_race","pacific_islander","professional","some_college","some_hs","total_25_plus","total_pop_ins","total_population","total_poverty","two_or_more","unemployed","uninsured","white_alone","population_density","land_area_sqmi","County","hiv_cases","hiv_rate","unemployment_rate","black_prop","hispanic_prop","white_prop","uninsured_rate","lower_education_prop","poverty_rate","prediction","residuals","residualz"
"1",48461,"Upton County, Texas",4,26,98,151,505,220,0,1966,886,1506,3659,0,76,21,1741,0,7,115,0,2430,3602,3659,3591,3,78,98,1648,2.94766259880615,1241.32253178568,"Upton",0,0,0.051792828685259,0.0601257174091282,0.537305274665209,0.450396283137469,0.0272071071626874,0,0.140629351155667,246.285462728237,-246.285462728237,-0.939497100386105
"2",48087,"Collingsworth County, Texas",7,0,135,334,493,273,6,854,454,1439,2969,0,54,62,258,0,4,56,0,1966,2904,2969,2904,93,128,177,2283,3.23265367581337,918.440481952637,"Collingsworth",0,0,0.088950660180681,0.0919501515661839,0.287638935668575,0.768945772987538,0.0609504132231405,0,0.169765840220386,239.939620065358,-239.939620065358,-0.915289821908366
"3",48123,"DeWitt County, Texas",5,4,945,1318,2946,1900,90,7192,4426,8352,20340,0,324,242,4788,0,79,1199,0,14385,18413,20340,18395,247,598,829,13159,22.3768199268332,908.976345455115,"DeWitt",5,30,0.0715996168582375,0.0934119960668633,0.353588987217306,0.646951819075713,0.0450225384239396,0,0.16015221527589,249.37840798369,-219.37840798369,-0.836855638594565
"4",48439,"Tarrant County, Texas",144,111274,99985,284540,241703,338378,14114,590485,264085,1069433,2049770,323,106042,10343,146177,3946,19371,50795,519,1314012,2033815,2049770,2023452,65470,50049,119050,1374182,2373.35872138976,863.657896097446,"Tarrant",6407,367,0.0467995657511971,0.165080960302863,0.288073783887948,0.670407899422862,0.0585353141755764,0.000640785624484403,0.119450819688335,584.099540634614,-217.099540634614,-0.828162517843934
"5",48473,"Waller County, Texas",29,530,1497,4218,7827,12911,162,15581,8231,24732,51832,30,1442,449,7016,25,212,1066,0,28580,51619,51832,47386,805,1288,4510,30096,100.986403860987,513.257211053374,"Waller",80,161,0.052078279152515,0.249093224263004,0.300605803364717,0.580645161290323,0.0873709293089754,0.00104968509447166,0.165175368252226,365.295804584038,-204.295804584038,-0.779320524652892
"6",48431,"Sterling County, Texas",9,0,41,41,29,0,0,641,383,643,1231,0,26,0,97,0,7,20,0,775,1194,1231,1194,12,12,69,1122,1.33304553663216,923.449324251917,"Sterling",0,0,0.0186625194401244,0,0.520714865962632,0.911454102355808,0.0577889447236181,0,0.0242881072026801,197.062224504598,-197.062224504598,-0.751726823283908
"7",48311,"McMullen County, Texas",13,0,35,77,91,0,0,385,147,329,774,0,55,9,0,0,11,15,0,496,774,774,774,0,19,36,765,0.679067094023706,1139.79900780317,"McMullen",0,0,0.0577507598784195,0,0.497416020671835,0.988372093023256,0.0465116279069767,0,0.117571059431525,194.141366948397,-194.141366948397,-0.74058472348519
"8",48335,"Mitchell County, Texas",11,37,391,473,712,840,18,3399,1463,2935,8523,0,136,181,452,0,4,781,0,5574,6484,8523,6320,189,140,378,6824,9.35473425589665,911.089483341296,"Mitchell",5,66,0.0477001703577513,0.0985568461809222,0.398803238296375,0.800657045641206,0.0582973473164713,0,0.112658227848101,259.05947083476,-193.05947083476,-0.736457649761789
"9",48045,"Briscoe County, Texas",9,0,56,147,233,12,6,519,325,630,1457,0,36,0,26,22,18,57,0,1048,1457,1457,1427,141,30,126,1256,1.61888765683402,900.000684945229,"Briscoe",0,0,0.0476190476190476,0.00823610157858614,0.35621139327385,0.862045298558682,0.0864790665751544,0,0.163279607568325,182.897500345332,-182.897500345332,-0.697693113263094
"10",48295,"Lipscomb County, Texas",12,66,199,312,428,18,20,1086,666,1715,3398,0,75,65,336,0,33,62,0,2235,3357,3398,3320,134,104,237,2779,3.6450865866444,932.213794989198,"Lipscomb",0,0,0.0606413994169096,0.00529723366686286,0.319599764567393,0.817834020011772,0.0705987488829312,0,0.128915662650602,176.004042001983,-176.004042001983,-0.671396863157764
"11",48359,"Oldham County, Texas",2,39,116,190,152,66,14,319,429,954,2094,0,71,1,1,0,3,41,0,1263,1669,2094,1669,59,13,77,1928,1.39551329229966,1500.52314911979,"Oldham",0,0,0.0136268343815514,0.0315186246418338,0.152340019102197,0.9207258834766,0.0461354104254044,0,0.0910724985020971,175.594983577352,-175.594983577352,-0.669836441362781
"12",48427,"Starr County, Texas",13,10,1267,2537,22015,49,86,63549,8372,25831,64078,28,794,39,2674,0,98,1007,10,35597,63545,64078,63419,246,3775,8343,61060,52.3864426458953,1223.17906625448,"Starr",42,83,0.146142232201618,0.000764693030369237,0.991744436468055,0.95290115172134,0.131292784640806,0.00106750568868163,0.347135716425677,256.85064798196,-173.85064798196,-0.663182381412115
"13",48351,"Newton County, Texas",7,77,621,754,3357,2823,4,504,3744,5789,13914,0,181,46,39,0,17,465,0,9820,13729,13914,13743,412,603,812,10517,14.9023685621675,933.677082401741,"Newton",13,122,0.104163067887373,0.202889176369125,0.036222509702458,0.755857409803076,0.0591448758103285,0,0.244269810085134,295.41684938843,-173.41684938843,-0.661527584103907
"14",48269,"King County, Texas",3,0,8,26,25,0,4,78,55,126,237,0,3,0,3,0,0,0,0,158,237,237,237,0,13,6,234,0.260190106884033,910.872449526419,"King",0,0,0.103174603174603,0,0.329113924050633,0.987341772151899,0.0253164556962025,0,0.105485232067511,173.042654267759,-173.042654267759,-0.660100154214402
"15",48333,"Mills County, Texas",2,11,348,495,734,19,45,1026,901,1978,4889,0,106,9,45,0,7,241,0,3575,4715,4889,4706,1,31,148,4804,6.53422107543596,748.214659950698,"Mills",0,0,0.0156723963599596,0.00388627531192473,0.209858866843935,0.982614031499284,0.031389183457052,0,0.155971100722482,161.141900065547,-161.141900065547,-0.614702736350062
"16",48263,"Kent County, Texas",4,0,30,54,87,6,0,91,134,274,647,0,62,13,33,0,4,20,0,472,601,647,601,3,11,11,592,0.716892057626537,902.506860156976,"Kent",0,0,0.0401459854014599,0.00927357032457496,0.14064914992272,0.91499227202473,0.0183028286189684,0,0.144758735440932,156.68752588613,-156.68752588613,-0.597710780839417
"17",48165,"Gaines County, Texas",8,102,750,930,3143,522,5,8591,2703,8699,20706,28,342,57,378,9,18,673,0,11319,20597,20706,20597,60,471,1887,19578,13.7822778490512,1502.36413942456,"Gaines",8,50,0.0541441545005173,0.0252100840336134,0.414903892591519,0.945523036800927,0.0916152837791911,0.00247371675943105,0.152595038112346,203.573725511125,-153.573725511125,-0.585832668379622
"18",48065,"Carson County, Texas",12,22,359,818,493,48,20,596,1084,3000,6009,0,319,97,60,0,14,233,0,4118,5972,6009,5937,125,68,271,5657,6.5298551062676,920.234814128162,"Carson",0,0,0.0226666666666667,0.00798801797304044,0.0991845564985855,0.941421201531037,0.0453784326858674,0,0.0830385716691932,150.48361520363,-150.48361520363,-0.574044925645621
"19",48393,"Roberts County, Texas",8,0,50,90,93,0,11,107,152,364,805,0,39,0,0,0,0,18,0,560,805,805,791,23,7,25,782,0.871157726074348,924.057694612351,"Roberts",0,0,0.0192307692307692,0,0.132919254658385,0.971428571428571,0.031055900621118,0,0.117572692793932,148.44732723445,-148.447327234449,-0.566277164522396
"20",48395,"Robertson County, Texas",21,31,716,1400,2356,3474,22,3564,3339,7918,16990,0,404,77,218,18,44,784,16,11599,16796,16990,16786,184,528,830,12988,19.8688374864562,855.107905109263,"Robertson",24,170,0.0666835059358424,0.204473219540906,0.209770453207769,0.764449676280165,0.0494165277447011,0.0013794292611432,0.14035505778625,318.423972502919,-148.423972502919,-0.566188073991798
"21",48369,"Parmer County, Texas",19,42,287,821,1440,116,28,6151,1607,4463,9718,0,154,35,570,28,67,257,0,5989,9638,9718,9643,518,84,768,8409,11.0329068575788,880.819545152275,"Parmer",6,76,0.0188214205691239,0.011936612471702,0.632949166495164,0.865301502366742,0.0796845818634571,0,0.149331121020429,220.497451727682,-144.497451727682,-0.551209703599666
"22",48239,"Jackson County, Texas",15,162,696,1204,1942,1010,47,4905,2619,6832,14816,0,328,0,466,9,53,451,0,9862,14594,14816,14494,257,230,667,12912,17.8625964732416,829.442686128779,"Jackson",11,89,0.0336651053864169,0.0681695464362851,0.33106101511879,0.871490280777538,0.0457037138550089,0,0.133986477162964,226.753031217834,-137.753031217834,-0.525481983243801
"23",48249,"Jim Wells County, Texas",10,216,1536,2424,9388,271,56,32893,8306,16897,40972,0,559,201,875,54,92,1097,20,25700,40584,40972,40463,351,881,3420,39004,47.3571834983584,865.169694929603,"Jim Wells",33,105,0.0521394330354501,0.00661427316215952,0.802816557649126,0.951967197110222,0.0842696629213483,0.000778210116731518,0.232014432938734,237.727237443807,-132.727237443807,-0.506310252092754
"24",48273,"Kleberg County, Texas",10,695,993,3022,7904,1018,147,22574,3443,14664,30974,0,900,68,1076,0,159,1141,4,17183,30046,30974,29084,696,1196,2082,27421,35.1455621462827,881.30614815834,"Kleberg",30,118,0.0815602836879433,0.0328662749402725,0.728804804029186,0.885290889132821,0.0692937495839712,0.000232788220916022,0.271764544079219,248.981223954153,-130.981223954153,-0.499649791533719
"25",48495,"Winkler County, Texas",13,0,282,266,1167,393,9,4796,1149,3475,7867,0,81,114,172,0,24,247,0,4612,7767,7867,7767,279,129,459,6909,9.35135130149537,841.268790612325,"Winkler",7,118,0.0371223021582734,0.0499555103597305,0.60963518494979,0.878225498919537,0.0590961761297798,0,0.150251062186172,247.382690483415,-129.382690483415,-0.493551918179802
"26",48505,"Zapata County, Texas",21,112,316,834,4888,0,0,13501,2241,5828,14304,0,51,0,726,0,48,236,0,8042,14267,14304,14149,61,608,1919,13405,14.3267452839513,998.412390009003,"Zapata",13,122,0.104323953328758,0,0.943861856823266,0.937150447427293,0.134506203126095,0,0.3454661106792,250.119149723025,-128.119149723025,-0.488731930562766
"27",48219,"Hockley County, Texas",25,83,1545,1589,3662,746,87,11023,3176,11004,23064,0,539,123,1148,21,62,672,0,14392,22835,23064,22206,560,826,1507,20383,25.3899258592099,908.39178215378,"Hockley",16,92,0.0750636132315522,0.0323447797433229,0.477930974679154,0.883758237946583,0.0659951828333698,0,0.164910384580744,217.092214420378,-125.092214420378,-0.477185179453742
"28",48465,"Val Verde County, Texas",11,369,1708,3800,9536,706,113,40131,5730,21961,48969,6,1272,179,1853,12,240,1481,9,29502,46047,48969,46976,443,992,3122,45407,15.5716698227899,3144.74944288451,"Val Verde",47,125,0.0451709849278266,0.0144172844044191,0.819518470869325,0.927260103330679,0.0678002910070146,0.000508440105755542,0.20299727520436,245.837339227392,-120.837339227392,-0.460954246202413
"29",48343,"Morris County, Texas",5,20,523,854,2170,2882,0,1220,2997,5420,12373,0,376,38,517,8,3,562,6,8600,12218,12373,12210,338,428,448,8570,49.1013107549224,251.989199672426,"Morris",21,208,0.0789667896678967,0.232926533581185,0.0986017942293704,0.692637193889922,0.036667212309707,0.000697674418604651,0.177723177723178,326.899821771387,-118.899821771387,-0.453563261725701
"30",48241,"Jasper County, Texas",22,177,1570,1981,6371,5889,19,2386,9193,14668,35506,0,942,93,1343,58,164,1551,16,24038,34598,35506,34449,491,1204,2044,27455,37.8264633171557,938.655028420188,"Jasper",42,152,0.0820834469593673,0.165859291387371,0.0671999098743874,0.773249591618318,0.0590785594543037,0.000665612779765372,0.184940056315133,270.327565395164,-118.327565395164,-0.451380294041844
"31",48051,"Burleson County, Texas",11,7,731,1584,2095,2395,73,3736,4169,8223,18058,0,467,69,749,0,57,675,0,12622,17888,18058,17771,417,400,918,14421,27.400732618865,659.033473709653,"Burleson",22,144,0.0486440471847258,0.132628198028575,0.206888913500941,0.798593421198361,0.0513193202146691,0,0.117888695064994,261.748968415008,-117.748968415007,-0.449173139063523
"32",48501,"Yoakum County, Texas",5,4,365,483,726,38,0,5736,1006,3783,8631,42,118,15,134,0,18,269,0,4873,8631,8631,8631,129,166,769,8311,10.7925941605054,799.715051973733,"Yoakum",6,103,0.0438805181073222,0.00440273432974163,0.664581160931526,0.962924342486386,0.089097439462403,0.0086189205828032,0.0841153979840111,218.555509376329,-115.555509376329,-0.440805822601453
"33",48071,"Chambers County, Texas",29,465,2439,3980,4960,2997,148,9267,6114,20103,41305,0,1501,63,505,0,312,925,0,26117,41023,41305,40994,906,1127,1606,36369,69.1699153421516,597.15267534568,"Chambers",40,102,0.0560612843854151,0.0725578017189202,0.224355404914659,0.880498728967437,0.0391487702020818,0,0.120993316095038,217.044253506063,-115.044253506063,-0.438855551552772
"34",48075,"Childress County, Texas",13,76,295,738,799,583,13,2249,1131,3106,7253,0,118,0,241,0,76,674,0,5178,5747,7253,5738,164,253,328,6189,10.413334947936,696.510775487691,"Childress",7,119,0.0814552479072762,0.0803805321935751,0.310078588170412,0.853302081897146,0.0570732556116235,0,0.139247124433601,233.686238309527,-114.686238309527,-0.437489842690731
"35",48437,"Swisher County, Texas",8,12,246,533,1706,448,5,3272,1227,2954,7432,0,209,241,133,5,19,272,0,5012,6783,7432,6783,371,171,388,6222,8.34906486631947,890.159571041429,"Swisher",7,120,0.0578876100203114,0.0602798708288482,0.440258342303552,0.83719052744887,0.0572018280996609,0,0.251511130768097,234.243436465667,-114.243436465667,-0.435800700977924
"36",48187,"Guadalupe County, Texas",27,2720,9394,18958,14297,13085,920,60278,27008,79018,158966,36,8608,524,20444,377,965,4828,25,104489,156604,158966,156942,5038,2777,7235,116778,223.501429256649,711.252722314621,"Guadalupe",199,135,0.0351438912652813,0.0823131990488532,0.379188002465936,0.734609916585937,0.0461993307961482,0.000583793509364622,0.0910973480648902,246.402857997909,-111.402857997909,-0.42496483919252
"37",48179,"Gray County, Texas",12,150,1119,1410,3412,1007,11,6498,3837,9554,22410,0,490,286,1212,45,147,1004,19,14794,20803,22410,20693,621,527,1515,19089,24.2015431649233,925.974011131657,"Gray",16,92,0.0551601423487545,0.0449352967425257,0.28995983935743,0.851807228915663,0.0728260347065327,0.00128430444774909,0.164886676653941,203.396681946925,-111.396681946925,-0.424941279612804
"38",48415,"Scurry County, Texas",21,51,576,1211,2173,792,67,6904,2648,7169,17096,0,414,39,1003,0,117,1173,19,11141,15590,17096,15087,490,289,926,14721,18.8813340733889,905.444495264498,"Scurry",15,108,0.0403124564095411,0.0463266261113711,0.403837154890033,0.861078614880674,0.059397049390635,0.00170541244053496,0.144031285212435,218.751811232064,-110.751811232064,-0.42248131238606
"39",48341,"Moore County, Texas",16,1463,857,1144,2712,803,27,11996,2610,10431,21399,9,557,110,2066,0,51,654,0,12470,21242,21399,21148,537,523,1253,16420,23.7846470390924,899.698026412948,"Moore",20,122,0.0501390087239958,0.037525117996168,0.560586943315108,0.767325575961494,0.0589869127200829,0.000721732157177225,0.128239076981275,231.511890095005,-109.511890095005,-0.417751425773709
"40",48143,"Erath County, Texas",29,388,1864,5387,7305,799,239,8821,4899,20819,41841,0,1637,679,1928,85,362,1480,0,24233,41333,41841,39761,776,743,3222,37186,38.6280108430946,1083.17770153779,"Erath",25,68,0.0356885537249628,0.0190961019096102,0.210821921082192,0.888745488874549,0.0779522415503351,0,0.183722743391766,173.262067031958,-105.262067031958,-0.401539764717236
"41",48503,"Young County, Texas",21,48,615,1676,2183,379,42,3366,3409,8328,18036,0,573,134,140,0,111,792,0,12473,17743,18036,17715,71,268,1116,17264,19.7222889566186,914.498314048245,"Young",10,67,0.032180595581172,0.0210135284985584,0.186626746506986,0.95719671767576,0.0628980442991602,0,0.123228902060401,171.676155996867,-104.676155996867,-0.399304709052748
"42",48287,"Lee County, Texas",21,182,906,1198,2040,1917,29,4040,3721,8363,17058,0,422,0,846,0,47,470,0,11592,16601,17058,16596,168,210,895,13945,27.1183072155103,629.021563346096,"Lee",22,145,0.0251106062417793,0.112381287372494,0.23683901981475,0.817504982999179,0.0539124149147642,0,0.12292118582791,249.627691806924,-104.627691806924,-0.399119834292297
"43",48405,"San Augustine County, Texas",19,14,362,533,1995,1768,20,597,2234,3014,8286,0,276,132,71,0,24,208,0,6096,8050,8286,8044,190,215,218,6111,15.6146076069738,530.656946915482,"San Augustine",14,206,0.0713337757133378,0.213371952691287,0.0720492396813903,0.73750905141202,0.0270807453416149,0,0.24801093983093,308.128551654529,-102.128551654529,-0.389586446082438
"44",48153,"Floyd County, Texas",5,10,266,460,847,242,4,3405,822,2630,5803,0,117,3,75,0,19,221,0,3770,5766,5803,5756,98,131,418,5375,5.84895817855784,992.142501766157,"Floyd",6,136,0.0498098859315589,0.0417025676374289,0.586765466138204,0.926245045666035,0.0724939299340964,0,0.147150799166088,238.042058735445,-102.042058735445,-0.389256504372591
"45",48157,"Fort Bend County, Texas",52,154513,35536,137933,56251,157134,11940,187500,76213,387130,765394,74,66049,2600,33215,408,10655,11363,186,490211,760164,765394,759272,21620,19761,30885,395904,888.172210267853,861.76305805512,"Fort Bend",1842,264,0.0510448686487743,0.205298186293595,0.244971870696661,0.517255165313551,0.0406293904999447,0.00053038385511545,0.0740854397370112,363.623759730273,-99.6237597302728,-0.380031498243287
"46",48003,"Andrews County, Texas",21,65,623,814,1647,122,30,10151,3020,8484,18036,0,347,0,1094,31,115,719,0,10700,17943,18036,17927,616,317,1052,16108,12.0182210343138,1500.72127551196,"Andrews",16,112,0.0373644507307874,0.00676424927921934,0.562818806830783,0.893102683521845,0.0586301064481971,0,0.0918725944106655,207.651402414267,-95.6514024142667,-0.364878276698078
"47",48507,"Zavala County, Texas",8,11,411,540,4011,40,0,11304,1721,4693,12039,0,214,0,432,0,16,596,5,7093,11875,12039,11875,87,408,950,11469,9.27927734010635,1297.40706724712,"Zavala",12,158,0.0869379927551673,0.00332253509427693,0.938948417642661,0.952653874906554,0.08,0.000704920344001128,0.337768421052632,252.102242180942,-94.1022421809419,-0.358968745818263
"48",48377,"Presidio County, Texas",8,94,113,641,2717,0,0,5841,613,2755,6975,0,280,204,116,0,13,88,0,4411,6975,6975,6970,0,295,260,6561,1.80922014333212,3855.25223434327,"Presidio",7,143,0.107078039927405,0,0.83741935483871,0.940645161290323,0.0372759856630824,0,0.389813486370158,236.765018625949,-93.7650186259486,-0.357682350151265
"49",48409,"San Patricio County, Texas",32,676,2955,4793,10516,1171,122,38724,11258,30208,67008,0,1436,211,1465,44,330,2770,0,42864,66220,67008,66137,1596,1536,4195,61845,96.6318476463766,693.435980291045,"San Patricio",71,125,0.0508474576271186,0.0174755253104107,0.577901146131805,0.922949498567335,0.063349441256418,0,0.159003281068086,218.408627270138,-93.4086272701382,-0.356322835701336
"50",48371,"Pecos County, Texas",3,96,343,631,2041,556,2,10877,2822,6284,15815,0,337,174,1675,24,67,966,73,10544,13542,15815,13490,231,153,1000,13059,3.31980460575871,4763.83458609777,"Pecos",19,153,0.0243475493316359,0.0351564969965223,0.687764780271894,0.825735061650332,0.0738443361394181,0.00692336874051593,0.151297257227576,245.569746211417,-92.5697462114166,-0.353122783560592
"51",48133,"Eastland County, Texas",21,123,1242,1228,3168,599,149,2989,3128,7388,18273,0,460,64,542,0,160,817,0,12485,18010,18273,17311,129,357,1015,16816,19.722440959516,926.508034046535,"Eastland",13,86,0.0483216025988089,0.032780605264598,0.163574673014831,0.920264871668582,0.0563575791227096,0,0.183005025706198,178.012573664112,-92.0125736641115,-0.350997355665623
"52",48247,"Jim Hogg County, Texas",6,0,153,322,1576,17,0,4778,1013,2171,5231,0,84,0,12,0,2,129,0,3037,5200,5231,5148,37,231,428,5165,4.60405211438986,1136.1730645165,"Jim Hogg",6,157,0.106402579456472,0.00324985662397247,0.913400879372969,0.987382909577519,0.0823076923076923,0,0.306138306138306,248.839261084053,-91.8392610840529,-0.350336225834322
"53",48477,"Washington County, Texas",29,582,1646,4410,3959,5805,266,5646,6513,16428,35163,0,1281,88,438,38,327,779,0,23488,34469,35163,32923,643,927,1203,27569,58.1982053727065,604.193888364993,"Washington",58,190,0.0564280496712929,0.165088303045815,0.160566504564457,0.784034354292865,0.0349009254692622,0,0.1202502809586,281.527267633789,-91.5272676337891,-0.349146074622735
"54",48305,"Lynn County, Texas",2,46,222,506,1053,65,18,2753,899,2572,5830,1,100,16,223,6,33,221,0,3807,5789,5830,5775,275,172,326,5199,6.53684932123954,891.866970385435,"Lynn",5,109,0.0668740279937792,0.0111492281303602,0.47221269296741,0.891766723842196,0.0563136983935049,0.00026267402153927,0.182337662337662,199.725810887393,-90.7258108873927,-0.346088783782328
"55",48425,"Somervell County, Texas",19,24,177,1230,2017,105,36,1646,1682,3825,8860,0,290,115,671,68,94,726,0,6247,8675,8860,8623,12,158,276,7865,47.5149483543245,186.467634015509,"Somervell",6,74,0.0413071895424837,0.0118510158013544,0.185778781038375,0.887697516930023,0.0318155619596542,0,0.233909312304302,164.480890172553,-90.4808901725531,-0.345154492741082
"56",48387,"Red River County, Texas",10,10,695,854,2352,2039,11,886,2974,5362,12171,0,238,60,137,0,9,626,0,8921,11974,12171,11969,283,350,492,9642,11.6594292883469,1043.87613655879,"Red River",18,182,0.0652741514360313,0.167529373099992,0.072795990469148,0.792210993344836,0.0410890262234842,0,0.196507644748935,272.272647991444,-90.2726479914441,-0.344360118102957
"57",48063,"Camp County, Texas",13,56,612,1086,2372,2136,66,3215,2442,5689,12878,0,425,58,919,0,59,541,8,8448,12831,12878,12815,368,383,911,9341,65.7552046555817,195.84761491434,"Camp",21,205,0.0673229038495342,0.165864264637366,0.249650566858208,0.725345550551328,0.0709999220637518,0.000946969696969697,0.185095591104175,293.351126730683,-88.3511267306826,-0.337030153789117
"58",48485,"Wichita County, Texas",13,3109,6764,12825,19693,13623,502,25258,20323,65017,131596,7,5057,1307,5064,105,1071,6417,65,84301,117060,131596,116584,4468,2864,6706,103920,209.683463034309,627.593602736655,"Wichita",165,152,0.0440500176876817,0.103521383628682,0.191935925104107,0.789689656220554,0.0572868614385785,0.000854082395226628,0.168916832498456,239.252635053957,-87.2526350539565,-0.332839773513927
"59",48189,"Hale County, Texas",9,104,978,2417,5046,1706,167,20109,5552,15073,33826,0,906,235,1207,6,88,1701,0,20884,32100,33826,31508,1550,718,2657,29018,33.6684295056205,1004.68006665868,"Hale",42,159,0.0476348437603662,0.05043457695264,0.594483533376692,0.857860817122923,0.0827725856697819,0,0.160149803224578,245.91213030805,-86.9121303080497,-0.331540861195256
"60",48203,"Harrison County, Texas",26,528,2928,5984,11290,13760,269,8727,12624,29580,66580,0,1681,205,1020,14,440,2275,0,43881,65819,66580,64974,1349,1594,3071,49704,73.9730322796613,900.05773655849,"Harrison",130,227,0.0538877620013523,0.206668669270051,0.131075398017423,0.746530489636527,0.0466582597730139,0,0.173761812417275,310.538478878836,-83.5384788788356,-0.31867150341689
"61",48493,"Wilson County, Texas",8,173,2429,4850,4652,690,331,19513,10003,23112,49173,0,1895,182,921,40,121,1937,4,33086,48518,49173,48484,1619,1197,2283,45548,61.1806495036738,803.734520619093,"Wilson",48,112,0.051791277258567,0.0140320907815264,0.396823460028878,0.926280682488357,0.0470547013479533,0.000120897056156683,0.0959491791106344,192.723627763302,-80.723627763302,-0.307933782920653
"62",48365,"Panola County, Texas",5,57,1191,1822,3353,4032,133,2034,4207,10054,23327,0,463,36,158,0,124,743,1,15741,23097,23327,22779,145,497,1364,18899,28.7506550431258,811.355427033215,"Panola",38,199,0.0494330614680724,0.172846915591375,0.0871950958117203,0.810177048055901,0.0590552885656146,6.35283654151579e-05,0.147196979674261,278.282263042543,-79.2822630425429,-0.302435456057381
"63",48481,"Wharton County, Texas",12,142,2319,3217,7212,5944,191,17208,6331,19113,41577,7,1350,25,1555,0,103,1101,0,26990,41228,41577,40992,407,986,2568,33504,38.2792197348748,1086.15066576503,"Wharton",74,217,0.0515879244493277,0.142963657791567,0.413882675517714,0.805830146475215,0.0622877655961968,0.000259355316783994,0.175936768149883,295.838278584502,-78.838278584502,-0.300741803064933
"64",48177,"Gonzales County, Texas",8,76,592,1271,2886,1382,51,10518,5155,9119,20731,0,375,64,5093,5,51,738,0,13376,20450,20731,20443,327,306,1374,13784,19.4349545790932,1066.68631077229,"Gonzales",27,169,0.033556310999013,0.0666634508706768,0.507356133326902,0.66489797887222,0.0671882640586797,0,0.141173017658856,247.675838835256,-78.6758388352564,-0.30012214946576
"65",48347,"Nacogdoches County, Texas",6,1055,2582,5874,14803,11583,668,12690,8962,30497,65339,4,2219,689,804,14,468,1801,0,37633,64576,65339,59750,1259,2663,4781,49935,69.0280401346829,946.557368172628,"Nacogdoches",118,219,0.0873200642686166,0.177275440395476,0.19421784845192,0.764244937939056,0.0740367938553023,0.000106289692557064,0.247748953974895,295.371645025552,-76.3716450255518,-0.291332416694022
"66",48449,"Titus County, Texas",20,357,1577,2301,5700,2926,84,14048,5276,15235,32640,0,739,289,5341,12,129,1373,61,19904,32418,32640,32241,747,769,2206,22968,80.3816575376405,406.062788450407,"Titus",45,180,0.050475877912701,0.0896446078431373,0.430392156862745,0.703676470588235,0.0680486149669936,0.00306471061093248,0.176793523774076,256.356140774637,-76.356140774637,-0.291273273135093
"67",48175,"Goliad County, Texas",14,55,533,667,980,445,15,2712,1197,3281,7565,0,221,0,910,0,15,210,0,5315,7464,7565,7454,36,162,191,6119,8.87899233876347,852.011096684147,"Goliad",9,147,0.0493751904907041,0.0588235294117647,0.358493060145406,0.808856576338401,0.0255894962486602,0,0.131473034612289,222.851758347291,-75.8517583472912,-0.289349221984336
"68",48463,"Uvalde County, Texas",19,266,1335,2343,4737,170,144,19306,3903,11831,26920,0,494,101,1043,17,15,1009,0,16740,26460,26920,26410,198,626,1965,25125,17.3462489097436,1551.92054144218,"Uvalde",30,151,0.0529118417716169,0.0063150074294205,0.717161961367013,0.933320950965825,0.0742630385487528,0,0.179363877319197,226.655899444442,-75.6558994444421,-0.288602085432819
"69",48057,"Calhoun County, Texas",14,1183,1013,1310,2923,597,85,10589,3976,10188,21668,0,598,19,351,7,50,774,0,14380,21444,21668,21351,866,563,1473,18645,42.7512477298619,506.839008230042,"Calhoun",23,140,0.0552610914801728,0.0275521506368839,0.488693003507476,0.860485508584087,0.0686905428091774,0,0.136902252821882,214.743810238157,-74.7438102381575,-0.285122768565695
"70",48145,"Falls County, Texas",21,82,992,1201,4113,4233,25,4000,4026,6317,17272,0,244,86,257,0,49,668,0,12209,15526,17272,15536,181,310,1287,12433,22.5640651742038,765.464904779042,"Falls",41,280,0.0490739274972297,0.24507874015748,0.231588698471515,0.719835572024085,0.0828932113873503,0,0.264739958805355,353.00275280158,-73.0027528015796,-0.278481213700252
"71",48171,"Gillespie County, Texas",25,32,1170,4465,2476,29,114,6132,5133,12646,26459,0,1282,854,671,0,368,646,0,19327,26117,26459,26082,808,540,1268,24065,25.0037412308882,1058.2016409334,"Gillespie",21,89,0.0427012494069271,0.0010960353754866,0.231754790430477,0.909520390037416,0.048550752383505,0,0.0949313702936891,161.728714263332,-72.7287142633318,-0.277435847850291
"72",48363,"Palo Pinto County, Texas",4,226,1504,2269,5097,715,75,5674,5221,12702,28540,3,753,198,794,29,126,1417,0,19449,28298,28540,28153,445,939,1707,26133,29.9617119342763,952.549042010853,"Palo Pinto",25,104,0.0739253660840812,0.025052557813595,0.198808689558514,0.915662228451296,0.0603222842603718,0.000154249575813667,0.181046424892551,176.39611109204,-72.3961110920396,-0.276167077409898
"73",48475,"Ward County, Texas",18,111,379,675,1446,469,24,6256,2262,5260,11658,0,201,172,674,0,18,409,0,7369,11552,11658,11552,180,314,774,10052,13.951606412382,835.602700894252,"Ward",14,159,0.0596958174904943,0.0402298850574713,0.536627208783668,0.86224052153028,0.0670013850415512,0,0.125173130193906,230.610098998263,-71.6100989982627,-0.273168702780752
"74",48281,"Lampasas County, Texas",24,240,2148,1882,2280,961,63,4052,3457,9729,20862,0,846,132,434,98,134,870,16,14700,20512,20862,20605,785,634,905,18212,29.2659786930598,712.841358179054,"Lampasas",23,121,0.0651659985610032,0.0460646150896367,0.194228741252037,0.87297478669351,0.0441205148205928,0.00108843537414966,0.110652754185877,192.294892955358,-71.2948929553579,-0.271966296597078
"75",48337,"Montague County, Texas",21,0,1161,1579,2995,131,74,2138,4424,8596,19489,0,530,159,231,0,124,706,0,13632,19189,19489,19143,361,462,1280,18607,20.9355262380894,930.905666204004,"Montague",14,81,0.0537459283387622,0.0067217404689825,0.10970290933347,0.954743701575248,0.0667048830058888,0,0.156454056313013,150.829503393809,-69.8295033938087,-0.26637632295933
"76",48419,"Shelby County, Texas",15,114,930,1628,5685,4847,9,4644,4698,10452,25349,0,434,242,281,0,170,992,0,16235,25178,25349,25111,133,802,1712,19732,31.86192682988,795.589046931957,"Shelby",46,235,0.0767317259854573,0.191210698646889,0.183202493194998,0.778413349639039,0.0679958694098022,0,0.226394807056668,304.726131417033,-69.7261314170332,-0.265981993260102
"77",48115,"Dawson County, Texas",3,24,303,948,2840,1036,2,7363,1931,4764,12813,8,180,143,1450,0,21,679,0,8084,11065,12813,10950,522,275,693,9638,14.231829519742,900.305894068371,"Dawson",20,198,0.0577246011754828,0.0808553812534145,0.574650745336767,0.752204792008117,0.0626299141436963,0.000989609104403761,0.259360730593607,267.230649589283,-69.2306495892832,-0.264091894935546
"78",48043,"Brewster County, Texas",19,170,285,1821,1254,19,157,4133,1239,4694,9231,0,654,225,217,0,90,214,0,6810,9145,9231,8987,248,199,471,8352,1.49278062444052,6183.76193317737,"Brewster",10,121,0.0423945462292288,0.00205828187628643,0.447730473404832,0.904777380565486,0.0515035538545653,0,0.13953488372093,189.526623410022,-68.5266234100217,-0.261406269293314
"79",48329,"Midland County, Texas",25,3356,8349,20563,15871,11200,607,75224,21090,88206,168167,25,6087,968,10213,79,1528,5895,18,105138,166878,168167,166097,4171,2878,9689,138180,186.778018284188,900.357555695497,"Midland",229,174,0.032628165884407,0.0666004626353565,0.44731725011447,0.821683207763711,0.0580603794388715,0.000408986284692499,0.0955525987826391,241.856663490049,-67.856663490049,-0.25885059509632
"80",48027,"Bell County, Texas",32,10282,24087,34751,46752,84435,1647,86533,44287,171278,348574,94,13677,1969,9716,2392,3125,10716,0,211519,327097,348574,337083,18908,11623,17026,220872,331.536708351244,1051.38885444536,"Bell",883,291,0.0678604374175317,0.24222977043612,0.248248578494093,0.633644505901186,0.052051837834037,0.000444404521579622,0.13869581082404,358.427365882044,-67.4273658820443,-0.257212967550401
"81",48353,"Nolan County, Texas",15,43,772,1058,2359,888,12,5616,2514,6739,14904,0,315,73,643,0,58,824,0,9499,14724,14904,14623,167,460,1071,13090,16.3421565596993,911.997137315044,"Nolan",19,159,0.068259385665529,0.0595813204508857,0.376811594202899,0.878287707997853,0.0727383863080685,0,0.161321206318813,225.751954795772,-66.7519547957717,-0.254636498967592
"82",48199,"Hardin County, Texas",32,351,3394,4624,6768,3279,223,3230,12821,24977,56765,0,1449,163,356,0,150,1795,0,38280,56320,56765,56068,775,878,2822,51841,63.7387875851694,890.588010073915,"Hardin",56,119,0.0351523401529407,0.057764467541619,0.0569012595789659,0.913256407997886,0.0501065340909091,0,0.120710565741599,184.416027612969,-65.4160276129687,-0.249540381232234
"83",48397,"Rockwall County, Texas",32,2642,5855,16204,4579,6148,1072,17138,10007,50298,97175,0,6984,402,2305,48,1408,1818,0,63085,96467,97175,96447,3043,1939,3238,82587,764.470499492812,127.114126790335,"Rockwall",160,168,0.0385502405662253,0.0632673012606123,0.176362233084641,0.849879084126576,0.0335658826334394,0,0.0474768525718789,233.252117871672,-65.2521178716716,-0.248915120102454
"84",48077,"Clay County, Texas",21,117,651,1124,1259,52,35,653,2278,4693,10403,0,420,106,83,0,36,514,0,7558,10313,10403,10285,166,250,430,9879,9.55492435151765,1088.75796576533,"Clay",7,79,0.0532708288940976,0.00499855810823801,0.0627703547053735,0.949629914447755,0.0416949481237273,0,0.122411278561011,143.577172955003,-64.5771729550033,-0.246340429801591
"85",48127,"Dimmit County, Texas",5,147,171,579,3477,4,27,9072,1617,3844,10438,0,198,0,859,0,73,726,0,6468,10326,10438,10326,62,514,664,9366,7.85470750277176,1328.88462063249,"Dimmit",12,177,0.133714880332986,0.000383215175320943,0.869132017627898,0.897298333013987,0.0643036993995739,0,0.33672283556072,241.044026231631,-64.0440262316309,-0.24430665243146
"86",48121,"Denton County, Texas",68,72510,41566,165827,62681,81758,7319,160933,82953,471890,833822,143,63981,3993,25101,707,9742,14670,217,547409,830187,833822,820627,30187,18215,34617,619566,947.980426911109,879.577232113239,"Denton",1706,217,0.038600097480345,0.0980521022472422,0.193006421034705,0.743043479303736,0.0416978343433467,0.000657643553540406,0.0763818397396137,278.611033013786,-61.6110330137857,-0.235025592769621
"87",48233,"Hutchinson County, Texas",25,82,1126,1531,3083,344,38,4964,3794,9409,21344,0,287,352,474,150,103,1020,0,13977,21239,21344,21180,899,629,1440,19043,24.051736055555,887.420348813879,"Hutchinson",19,112,0.0668508874481879,0.0161169415292354,0.232571214392804,0.892194527736132,0.0677998022505768,0,0.145561850802644,173.606204068078,-61.6062040680782,-0.235007171948351
"88",48083,"Coleman County, Texas",7,42,359,688,1135,134,31,1460,1892,3666,8334,0,176,95,451,4,75,362,0,6147,8299,8334,8238,308,124,475,7300,6.59902218032622,1262.91437917064,"Coleman",7,105,0.0338243316966721,0.0160787137029038,0.17518598512119,0.875929925605952,0.0572358115435595,0,0.137776159261957,166.355068099367,-61.3550680993667,-0.234049171781417
"89",48049,"Brown County, Texas",11,270,1912,3605,4545,1426,227,8422,7658,17090,37855,7,1039,203,519,0,120,1802,0,26066,36785,37855,36136,883,713,1832,34554,40.0814310025414,944.452307543605,"Brown",42,128,0.0417203042715038,0.0376700567956677,0.222480517765157,0.912798837670057,0.0498029087943455,0.000268549067751093,0.125774850564534,189.292812239285,-61.2928122392846,-0.233811686387918
"90",48067,"Cass County, Texas",2,166,1438,2302,5455,5195,77,1352,7487,12354,30059,2,914,46,527,1,151,1628,0,21061,29683,30059,29558,723,940,1272,23401,32.0812148459281,936.965764680673,"Cass",51,212,0.0760887162052776,0.172826774011111,0.0449782095212748,0.778502278851592,0.0428528113735135,9.49622525046294e-05,0.184552405440152,272.984390445973,-60.9843904459726,-0.232635159859301
"91",48097,"Cooke County, Texas",19,344,2398,3800,5024,1125,114,7269,6751,20211,40041,20,1422,320,370,31,303,1756,1,27025,39576,40041,39109,1132,908,2011,36719,45.7706231454013,874.818764708538,"Cooke",41,116,0.0449260303794963,0.0280962013935716,0.181538922604331,0.917035039084938,0.0508136244188397,0.000777058279370953,0.128461479454857,176.678534682443,-60.678534682443,-0.231468421880578
"92",48085,"Collin County, Texas",55,147553,46793,212007,60908,94720,10552,148696,83840,529432,973977,109,94616,4560,22767,762,16978,11913,88,638328,971106,973977,968592,30107,19659,34313,673508,1157.56428093362,841.40208543274,"Collin",2160,235,0.0371322473896553,0.0972507564347002,0.152668902859102,0.691502982103273,0.035333938828511,0.000308618766527553,0.0628830302129276,295.391782769526,-60.3917827695263,-0.230374558736034
"93",48325,"Medina County, Texas",25,359,2785,4245,5372,1331,107,26016,8131,22538,50057,0,2159,278,1634,21,160,2286,13,33616,47579,50057,47552,994,761,2307,45440,37.7686414573064,1325.35876506398,"Medina",69,158,0.0337651965569261,0.0265896877559582,0.519727510637873,0.907765147731586,0.0484877782214843,0.000386720609233698,0.112971063257066,217.859290960163,-59.8592909601629,-0.228343279644956
"94",48149,"Fayette County, Texas",11,125,1222,2652,2929,1645,102,5276,6506,11645,25141,0,731,11,497,0,112,636,0,18267,24726,25141,24704,192,382,691,22671,26.4660585820633,949.933663981183,"Fayette",32,150,0.0328037784456848,0.0654309693329621,0.209856409848455,0.901754106837437,0.0279462913532314,0,0.118563795336788,209.430741513927,-59.4307415139266,-0.226708506087268
"95",48277,"Lamar County, Texas",29,384,2464,4362,8530,6358,118,3902,9098,22606,49611,0,1519,283,250,71,320,2093,0,33821,49061,49611,48911,1915,1091,2890,40350,54.6860878775881,907.195996741468,"Lamar",76,183,0.0482615234893391,0.128157061941908,0.0786519118743827,0.813327689423716,0.0589062595544322,0,0.174398397088589,242.281236854757,-59.2812368547574,-0.226138195553192
"96",48059,"Callahan County, Texas",7,69,629,1561,1462,126,63,1334,2793,6109,13856,0,379,5,166,0,67,725,0,9839,13769,13856,13707,432,249,752,13058,15.4063027403001,899.372174723999,"Callahan",11,92,0.0407595351121296,0.00909353348729792,0.0962759815242494,0.942407621247113,0.0546154404822427,0,0.106660830232728,150.995710440238,-58.9957104402381,-0.225049007277307
"97",48093,"Comanche County, Texas",8,82,617,1324,1485,177,99,3777,2660,6191,13529,0,476,99,341,0,46,684,21,9571,13327,13529,13224,146,216,563,12684,14.427041138917,937.752923120562,"Comanche",14,120,0.0348893555160717,0.0130830068741223,0.279178061941016,0.937541577352354,0.0422450664065431,0.00219412809528785,0.112295825771325,177.051246222364,-57.0512462223636,-0.217631523215272
"98",48297,"Live Oak County, Texas",21,173,427,734,1837,279,24,4854,2366,4614,12139,0,248,34,193,0,51,590,0,8672,10723,12139,10665,134,110,718,11326,11.6755428518344,1039.6946980579,"Live Oak",14,144,0.023840485478977,0.0229837713155944,0.399868193426147,0.93302578466101,0.0669588734495943,0,0.172245663384904,199.940492882528,-55.9404928825276,-0.21339436877481
"99",48047,"Brooks County, Texas",19,0,117,441,2724,48,0,6646,777,2896,7141,0,194,68,448,0,0,223,0,4047,6598,7141,6573,127,327,786,6450,7.56979457815584,943.354529144923,"Brooks",11,198,0.112914364640884,0.00672174765439014,0.930681977314102,0.903234841058675,0.119127008184298,0,0.414422638064811,253.729716061476,-55.7297160614761,-0.212590325328588
"100",48497,"Wise County, Texas",5,338,3506,6042,6983,948,235,12822,12514,31526,66290,3,1574,301,1036,132,152,2947,6,44452,65372,66290,65110,1542,1374,3629,61993,73.2977210733955,904.393738703302,"Wise",67,113,0.0435830742878894,0.0143007995172726,0.193422839040579,0.935178759993966,0.0555130636969957,0.000202465580851255,0.107249270465366,167.518557226433,-54.5185572264328,-0.207970157329124
"101",48193,"Hamilton County, Texas",19,0,349,905,1402,66,37,1062,1818,3488,8332,0,330,120,98,0,57,303,0,5923,8116,8332,8093,109,71,583,7939,9.96752603979102,835.914545569092,"Hamilton",7,100,0.020355504587156,0.00792126740278445,0.127460393662986,0.952832453192511,0.0718334154756037,0,0.173236129988879,153.978881338038,-53.9788813380377,-0.205911473366705
"102",48293,"Limestone County, Texas",10,177,1106,1760,4388,4037,65,5130,4298,9759,23417,7,517,399,458,67,60,1088,0,16201,22585,23417,22572,266,658,1741,18013,25.8628470426348,905.430092881778,"Limestone",45,241,0.0674249410800287,0.172396122475125,0.219071614638938,0.769227484306273,0.0770865618773522,0.000432072094315166,0.194400141768563,294.453086474784,-53.4530864747844,-0.203905740896943
"103",48451,"Tom Green County, Texas",32,1524,5240,12152,15164,5015,798,47064,18454,59823,117986,0,4560,467,6171,79,971,4389,59,75581,113076,117986,112042,2334,2236,6626,102396,77.5202990375861,1522.0013527398,"Tom Green",160,162,0.0373769286060545,0.0425050429712,0.39889478412693,0.867865678978862,0.0585977572606035,0.000780619467855678,0.135342103853912,215.423604499907,-53.4236044999068,-0.203793276971528
"104",48399,"Runnels County, Texas",17,11,379,996,1518,309,18,3511,2136,4554,10277,0,218,16,304,0,49,352,0,7062,10065,10277,9936,127,114,423,9510,9.77765327572898,1051.07020163116,"Runnels",12,145,0.0250329380764163,0.0300671402160163,0.341636664396225,0.925367325094872,0.042026825633383,0,0.152777777777778,198.192290618346,-53.1922906183459,-0.202910891472204
"105",48459,"Upshur County, Texas",25,128,2438,3441,6471,3370,65,3524,7666,18192,41018,0,1127,210,980,0,135,1939,22,27897,40474,41018,40377,801,971,2088,35529,70.3592082100905,582.979840783902,"Upshur",54,155,0.0533751099384345,0.082159052123458,0.0859135013896338,0.86618070115559,0.0515886742106043,0.00078861526328996,0.160264507021324,207.22544486844,-52.2254448684396,-0.199222696608832
"106",48469,"Victoria County, Texas",32,1067,5647,8075,13620,5488,586,43175,15754,44681,92109,0,2836,228,2517,71,536,2833,0,60252,91105,92109,90586,2192,2543,6345,80546,104.419384244517,882.10633175455,"Victoria",139,186,0.0569145721895213,0.0595815826900737,0.468738125481766,0.87446395031973,0.0696449152077274,0,0.150354359393284,237.817750273059,-51.8177502730592,-0.197667477368687
"107",48381,"Randall County, Texas",9,2589,8828,19921,11104,3678,1078,28991,15591,72862,134026,5,6319,712,3229,387,1341,4605,0,88390,133137,134026,131196,4541,2510,5791,118890,146.969073416718,911.933353624546,"Randall",156,130,0.034448683813236,0.0274424365421635,0.216308775909152,0.887066688552967,0.0434965486679135,5.65674850096165e-05,0.0846367267294735,181.517745374985,-51.5177453749845,-0.196523058495074
"108",48031,"Blanco County, Texas",5,165,698,1508,1015,3,104,2224,2248,5782,11478,0,496,194,403,42,182,377,0,8650,11384,11478,11265,415,294,493,10256,16.1832520373036,709.251760619086,"Blanco",11,105,0.0508474576271186,0.000261369576581286,0.193761979438927,0.893535459139223,0.043306394940267,0,0.0901020861074123,156.292922665434,-51.2929226654338,-0.195665434657337
"109",48217,"Hill County, Texas",17,143,2152,2896,4383,2340,83,7354,6713,16461,35689,18,1048,403,1367,59,212,1799,13,24415,35029,35689,34636,680,1034,1623,30697,37.2203798483298,958.856415367868,"Hill",49,160,0.0628151388129518,0.0655664210260865,0.206057888985402,0.860124968477682,0.0463330383396614,0.00126971124308827,0.126544635639219,209.095623819725,-49.0956238197252,-0.187283470608964
"110",48467,"Van Zandt County, Texas",8,271,3299,4411,7377,1543,74,6010,10677,23405,55103,0,1363,283,629,48,161,2388,7,38152,54486,55103,54084,998,1160,3133,51331,65.3986671425139,842.570688480883,"Van Zandt",62,120,0.0495620593890194,0.02800210514854,0.109068471771047,0.931546376785293,0.057501009433616,0.000183476619836444,0.136398934990016,167.630800087088,-47.6308000870878,-0.18169565542026
"111",48323,"Maverick County, Texas",2,318,2066,3254,15616,280,1,55368,5581,23957,58174,0,713,805,2210,24,201,1852,19,32840,57962,58174,57972,433,2202,6092,54104,45.4671863791999,1279.47217834911,"Maverick",94,209,0.0919146804691739,0.00481314676659676,0.951765393474748,0.93003747378554,0.105103343569925,0.000578562728380024,0.269371420685848,254.978616133619,-45.9786161336194,-0.175393123324402
"112",48265,"Kerr County, Texas",32,431,2580,6590,5880,765,575,13964,8419,23551,51843,0,2663,316,3185,41,461,1800,0,37607,50996,51843,50232,1287,1228,2611,45818,46.9878896129712,1103.32684500239,"Kerr",61,132,0.0521421595685958,0.0147560905040218,0.269351696468183,0.883783731651332,0.0512000941250294,0,0.117056856187291,177.233021639337,-45.2330216393364,-0.172548928390268
"113",48309,"McLennan County, Texas",3,4053,16277,23598,46207,36746,2105,66148,33383,119731,251089,32,9371,1089,6552,133,1847,7771,2,152262,246845,251089,241276,5631,4987,13926,196885,242.095395470813,1037.14901108175,"McLennan",517,238,0.0416517025665868,0.146346514582479,0.263444436036624,0.784124354312614,0.0564159695355385,0.000223299313026231,0.191510966693745,282.540679231405,-44.5406792314054,-0.169907872448434
"114",48349,"Navarro County, Texas",29,333,2954,3333,8150,5985,103,13354,7588,22745,48995,0,1464,924,3210,761,186,1697,0,31966,48192,48995,48041,1403,1653,3459,36379,48.5268264119591,1009.64772730173,"Navarro",95,219,0.0726753132556606,0.12215532197163,0.272558424329013,0.742504337177263,0.0717753984063745,0,0.169646760059116,261.851572006106,-42.8515720061057,-0.163464490355024
"115",48491,"Williamson County, Texas",63,37395,31337,99134,34818,35054,4422,133872,61204,293784,547604,87,39848,1520,13845,413,6190,13058,73,362078,544319,547604,542471,22900,14015,18171,436477,489.657994823203,1118.33975098828,"Williamson",967,182,0.0477051166843667,0.0640134111511238,0.244468630616285,0.797066858532808,0.033382997837665,0.000441893735603931,0.064184076199465,224.829034910516,-42.8290349105156,-0.163378518833508
"116",48035,"Bosque County, Texas",5,100,1148,1824,2823,301,132,3356,3654,8050,18296,13,509,105,137,0,130,834,0,13106,17952,18296,17890,335,339,954,17318,18.6127777809611,982.980628432306,"Bosque",20,126,0.042111801242236,0.0164516834280717,0.183428071709663,0.946545693047661,0.0531417112299465,0.000991912101327636,0.157797652319732,167.696169059582,-41.6961690595817,-0.159057012520108
"117",48379,"Rains County, Texas",15,42,653,851,1510,415,12,1073,2768,5214,11766,0,294,65,595,0,42,774,0,8734,11703,11766,11669,144,212,630,10505,51.2784445955051,229.45313752811,"Rains",14,130,0.0406597621787495,0.0352711201767806,0.0911949685534591,0.892826789053204,0.053832350679313,0,0.129402690890393,171.005721132558,-41.0057211325582,-0.156423183392638
"118",48223,"Hopkins County, Texas",17,243,1539,3501,5027,2586,134,6157,7187,17168,36486,0,1127,112,1930,44,155,1547,12,24497,36013,36486,35842,732,726,2127,30839,47.5432278518345,767.427910315774,"Hopkins",52,168,0.0422879776328052,0.0708765005755632,0.168749657402839,0.845228306747794,0.0590620053869436,0.000489855900722537,0.140254450086491,208.626635490099,-40.6266354900987,-0.1549770977896
"119",48407,"San Jacinto County, Texas",15,9,814,1506,4238,2598,101,3693,7543,10999,28180,12,518,218,521,10,119,2037,0,19953,28041,28180,27895,690,699,1443,24134,49.5043529358607,569.242871157428,"San Jacinto",43,181,0.0635512319301755,0.0921930447125621,0.131050390347764,0.856422995031938,0.0514603616133519,0.000601413321305067,0.151926868614447,220.624039945043,-39.6240399450434,-0.1511525293518
"120",48131,"Duval County, Texas",16,0,469,396,2426,148,0,10066,1859,4779,11268,0,226,0,406,0,17,317,0,7094,10754,11268,10647,9,465,1296,10705,6.28276728313462,1793.4772198626,"Duval",17,215,0.0973006905210295,0.0131345402910898,0.893326233581825,0.950035498757543,0.12051329737772,0,0.227857612472997,254.073927656483,-39.0739276564835,-0.149054033994974
"121",48367,"Parker County, Texas",3,757,8771,15879,10675,1781,723,16443,20486,65719,133811,1,6204,1253,2027,79,904,5402,3,89787,132401,133811,131923,3200,3090,6146,124714,148.066880309183,903.719992753171,"Parker",156,120,0.0470183660737382,0.0133098175785249,0.12288227425249,0.932016052491948,0.0464195889759141,4.45498791584528e-05,0.0809184145296878,158.741063764037,-38.7410637640372,-0.147784268990121
"122",48041,"Brazos County, Texas",4,13711,7831,26411,50496,23807,7154,56995,17685,111006,222981,2,12845,798,6720,123,3029,5091,0,118579,218617,222981,207176,6633,4375,12484,171189,380.423935608337,586.13819775412,"Brazos",439,218,0.0394122840206836,0.106766944268794,0.255604737623385,0.767729089025522,0.0571044337814534,1.68663928688891e-05,0.243734795536162,254.908470083262,-36.9084700832622,-0.140793533807452
"123",48285,"Lavaca County, Texas",10,94,1056,1779,2083,1281,30,3785,5086,9418,20021,0,438,45,2266,5,48,546,0,13782,19582,20021,19546,583,299,890,15747,20.6463962432182,969.709181406242,"Lavaca",29,169,0.0317477171373965,0.0639828180410569,0.189051495929274,0.786524149642875,0.0454499029721172,0,0.10656911900133,205.673177499127,-36.6731774991267,-0.139895970881533
"124",48231,"Hunt County, Texas",32,1216,4330,8000,14681,7364,736,15396,17154,43599,94162,0,3269,1053,7324,43,351,3957,0,62076,93354,94162,91378,1931,2210,5039,75231,112.042230318181,840.41525889476,"Hunt",153,178,0.0506892359916512,0.0782056455895159,0.163505448057603,0.798952868460738,0.0539773335904193,0,0.16066230383681,214.239830007838,-36.2398300078379,-0.138242894378294
"125",48331,"Milam County, Texas",25,142,1424,1630,3744,2582,83,6546,5449,10276,24770,0,483,73,385,0,154,903,6,16681,24254,24770,24237,467,488,1131,21121,24.357816630087,1016.92201629451,"Milam",45,212,0.0474892954456987,0.104238998788857,0.264271295922487,0.852684699232943,0.0466314834666447,0.000359690666027217,0.154474563683624,246.675257527026,-34.6752575270264,-0.132274570902019
"126",48253,"Jones County, Texas",3,77,669,1343,1782,2889,29,5494,3217,5170,19943,4,315,124,1719,0,37,2458,1,14710,12839,19943,12753,1142,167,491,13992,21.4770955183595,928.57062459642,"Jones",43,246,0.0323017408123791,0.144862859148573,0.27548513262799,0.701599558742416,0.0382428538048135,0.000339904826648538,0.139731827805222,279.926483012013,-33.9264830120132,-0.129418245246801
"127",48013,"Atascosa County, Texas",22,173,1470,3193,7196,135,98,31855,10438,21918,49528,12,1120,122,992,0,122,1730,67,31431,49097,49528,48704,2345,2016,3530,45761,40.6120014987377,1219.54097735221,"Atascosa",73,181,0.0919791951820422,0.0027257308996931,0.643171539331287,0.923942012598934,0.0718984866692466,0.00251344214310712,0.147749671484888,214.634696266602,-33.634696266602,-0.128305175891394
"128",48151,"Fisher County, Texas",11,12,279,364,575,102,9,1261,785,1787,3856,0,114,46,103,0,12,145,0,2677,3838,3856,3820,185,78,149,3408,4.28944458149076,898.950884372979,"Fisher",5,160,0.0436485730274203,0.0264522821576763,0.327022821576763,0.883817427385892,0.0388223032829599,0,0.150523560209424,193.52201894862,-33.5220189486202,-0.12787534941138
"129",48423,"Smith County, Texas",16,3868,14419,26482,34116,39690,1602,44360,28072,107802,227449,10,8718,795,4031,212,2544,6831,0,148915,225116,227449,222154,4203,5812,13738,174650,246.83195798141,921.473061511468,"Smith",516,263,0.0539136565184319,0.174500657290206,0.195032732612586,0.767864444336972,0.0610263153218785,6.7152402377195e-05,0.153569145727738,296.157310450194,-33.1573104501939,-0.12648410782951
"130",48089,"Colorado County, Texas",20,5,1101,2174,2080,2740,141,6310,4391,9895,21224,18,448,64,2488,0,245,534,0,14338,20909,21224,20787,407,342,827,15520,22.101743834917,960.286218070708,"Colorado",41,240,0.0345629105608893,0.129099133056917,0.297304937806257,0.731247644176404,0.0395523458797647,0.00125540521690612,0.100062539086929,270.303298533033,-30.3032985330334,-0.115597001903983
"131",48111,"Dallam County, Texas",10,142,127,542,878,56,8,3347,1047,3772,7304,0,162,86,311,0,0,217,0,4511,7262,7304,7163,159,72,652,6550,4.85918600808035,1503.13241515228,"Dallam",9,166,0.0190880169671262,0.0076670317634173,0.458242059145674,0.896768893756846,0.0897824290828973,0,0.122574340360184,195.243146999037,-29.2431469990367,-0.111552876517424
"132",48091,"Comal County, Texas",14,1597,7768,23881,10712,2901,1054,38756,20820,68978,141642,9,9831,376,4655,44,1599,3875,19,98736,140424,141642,140476,3332,2344,5632,128737,253.147032163034,559.524631948986,"Comal",233,158,0.0339818492852794,0.0204812131994747,0.273619406673162,0.908890018497338,0.0401071041987125,0.000283584508183439,0.0762550186508728,185.407024175295,-27.4070241752952,-0.104548678828495
"133",48355,"Nueces County, Texas",6,7501,19371,33515,58539,13542,2318,230450,56733,176695,361540,25,12695,1737,6902,213,2917,12198,4,235560,356637,361540,353228,5985,9995,25810,325660,431.279608638034,838.296067698936,"Nueces",656,224,0.0565663997283455,0.03745643635559,0.637412181224761,0.90075786911545,0.0723705055841093,0.000123110884700289,0.165725820150158,250.529521509384,-26.5295215093836,-0.101201298105847
"134",48215,"Hidalgo County, Texas",75,8370,22948,63264,250879,4669,2642,788282,93558,352862,855176,96,20013,1504,88383,96,3733,18992,239,479260,846855,855176,844950,14415,24392,98073,737739,544.414995247902,1570.81639459727,"Hidalgo",1643,241,0.0691261739716943,0.00545969484644097,0.921777505449171,0.862675051685267,0.115808491418248,0.000698994282852731,0.296915793833955,266.709986696673,-25.7099866966727,-0.098075045457078
"135",48053,"Burnet County, Texas",29,400,2204,5724,4661,815,316,10342,8724,21951,46530,0,1863,178,1807,21,384,1324,0,32637,45961,46530,45910,790,889,2717,42519,46.7978725230837,994.275967930988,"Burnet",65,149,0.0404992938818277,0.0175155813453686,0.222265205243929,0.913797549967763,0.059115336916081,0,0.101524722282727,173.492904319954,-24.492904319954,-0.0934322811169025
"136",48181,"Grayson County, Texas",16,2080,9196,12286,16775,7182,654,17577,21309,63998,131014,15,4128,1401,2417,12,980,5258,13,88311,129692,131014,128315,4596,2908,7523,113326,140.447437806272,932.832966171416,"Grayson",196,169,0.0454389199662489,0.0548185690078923,0.13416123467721,0.864991527623002,0.0580066619375135,0.000317061294742444,0.130732961851693,192.589080587479,-23.5890805874788,-0.0899844942824128
"137",48403,"Sabine County, Texas",6,10,416,731,2076,591,4,477,2237,3420,10471,0,602,71,80,30,57,582,0,7928,10382,10471,10326,341,298,415,9348,21.2950662717929,491.710139163535,"Sabine",14,159,0.0871345029239766,0.0564416006112119,0.0455543883105721,0.892751408652469,0.0399730302446542,0,0.201045903544451,181.7725927542,-22.7725927541999,-0.0868698648464382
"138",48303,"Lubbock County, Texas",14,6728,11172,33961,55155,21279,3452,107993,37072,155875,304808,11,13916,3123,14402,318,2917,9037,14,180052,300582,304808,292392,8728,5900,15949,250230,340.339566705534,895.599659335888,"Lubbock",563,215,0.03785084202085,0.0698111598120784,0.354298443610404,0.820943019868245,0.0530603961647737,0.000138848777019972,0.188633751949438,236.833951821268,-21.8339518212679,-0.0832892619759942
"139",48339,"Montgomery County, Texas",49,16868,28166,85948,52589,28396,4792,138081,70018,284506,571949,107,31463,2180,14577,243,6725,15183,30,373374,569445,571949,568523,15263,12076,28056,494422,548.74301615678,1042.28934703488,"Montgomery",1035,195,0.0424455020280767,0.0496477832813765,0.241421875027319,0.864451201068627,0.0492690251033901,0.000366924317172594,0.0925010949425089,216.306868388761,-21.3068683887612,-0.0812786140432413
"140",48209,"Hays County, Texas",32,3348,7668,31235,28214,8997,2247,83069,25135,115335,213366,33,12461,814,6004,52,1680,4698,0,127858,211703,213366,205493,5250,5310,12736,188901,314.687637550183,678.024728461012,"Hays",425,198,0.0460397971127585,0.0421669806810832,0.389326321906958,0.885337870138635,0.0601597521055441,0.000258098828387743,0.137299080747276,218.694583381785,-20.6945833817846,-0.0789429504507086
"141",48117,"Deaf Smith County, Texas",18,118,549,1020,2995,191,14,13646,3451,8786,18736,0,224,123,803,18,60,571,0,10999,18532,18736,18461,684,336,1534,16799,12.5171884037483,1496.82176185743,"Deaf Smith",30,211,0.0382426587753244,0.0101942783945346,0.72833048676345,0.896616140051238,0.0827757392618174,0,0.162233898488706,231.090306503654,-20.0903065036542,-0.0766378352053957
"142",48019,"Bandera County, Texas",25,62,1384,2626,3455,154,123,4175,4571,9912,22215,0,931,262,288,0,177,892,0,16904,22036,22215,21998,1459,435,1037,19990,28.0848911155524,790.994699199604,"Bandera",27,142,0.0438861985472155,0.00693225298221922,0.187936079225748,0.899842448795859,0.0470593574151389,0,0.157059732702973,160.819872153609,-18.8198721536084,-0.0717915508373411
"143",48005,"Angelina County, Texas",9,975,4449,6413,15026,12890,242,19326,14330,39169,87322,21,2553,490,1893,5,486,3748,0,57275,85265,87322,84680,1418,2597,6097,69651,109.454978743235,797.78920066162,"Angelina",185,260,0.0663024330465419,0.147614575937335,0.221318797095806,0.797634044112595,0.071506479798276,0.000366652116979485,0.177444496929617,275.88006938629,-15.8800693862896,-0.0605771813613369
"144",48055,"Caldwell County, Texas",15,423,1318,2874,7541,2561,55,21993,8489,19073,42144,0,997,247,4217,53,69,1847,11,27299,40074,42144,39956,574,507,3652,34069,77.2943936032292,545.24006251133,"Caldwell",91,230,0.0265820793792272,0.0607678435839028,0.521853644646925,0.80839502657555,0.0911314068972401,0.000402945162826477,0.188732605866453,245.155604051985,-15.1556040519853,-0.0578135871427852
"145",48221,"Hood County, Texas",32,411,2683,7137,5615,466,387,7232,10142,25800,58318,21,3028,654,481,46,557,2488,0,42070,57636,58318,57594,737,972,2482,55523,138.618514108914,420.70859275103,"Hood",77,140,0.0376744186046512,0.00799067183373915,0.124009739703008,0.952073116362015,0.0430633631757929,0.000499168053244592,0.0974927943883043,154.573895689791,-14.5738956897913,-0.0555945632771555
"146",48499,"Wood County, Texas",2,286,2304,3788,6257,2224,93,4435,8509,17324,44366,0,1224,397,1153,37,261,2254,0,32254,43361,44366,42759,647,960,2233,39622,68.7586220499555,645.242715419261,"Wood",68,170,0.0554144539367352,0.050128476761484,0.0999639363476536,0.89307127079295,0.0514978898088144,0,0.14633176641175,183.861122677037,-13.8611226770365,-0.052875571375244
"147",48259,"Kendall County, Texas",16,392,2310,8070,2411,253,493,10450,5152,21477,43769,10,3219,213,1636,55,808,1010,0,29910,43339,43769,43212,1884,849,1586,39336,66.0710163911478,662.45386238472,"Kendall",61,154,0.0395306607068026,0.00578034682080925,0.238753455642121,0.898718270922342,0.0365952144719537,0.000334336342360415,0.0557946866611127,166.469345342892,-12.4693453428922,-0.0475664038940332
"148",48307,"McCulloch County, Texas",4,60,291,682,1326,87,19,2603,1299,3819,8057,0,274,26,807,0,2,261,0,5651,7915,8057,7845,409,117,561,6668,7.56099245772899,1065.60085134908,"McCulloch",11,171,0.030636292223095,0.0107980637954574,0.323073104133052,0.827603326300112,0.0708780795957044,0,0.169024856596558,180.754764958749,-9.7547649587494,-0.0372111828776742
"149",48007,"Aransas County, Texas",25,489,1337,2423,5127,354,176,6721,4130,10606,24462,0,999,53,471,0,313,1450,0,17878,24093,24462,24070,980,792,1576,22115,97.0446988879299,252.069410079261,"Aransas",36,169,0.0746747124269281,0.0144714250674516,0.274752677622435,0.904055269397433,0.0654131905532727,0,0.213003739094308,178.053950034777,-9.05395003477735,-0.0345378071059764
"150",48135,"Ector County, Texas",14,1909,6676,10362,18899,7702,433,97439,21923,79868,160579,0,3058,927,15994,47,834,7010,9,95420,159427,160579,158804,4802,4846,11700,129198,178.855932519389,897.811986094407,"Ector",301,241,0.0606751139379977,0.0479639305264076,0.606797900099017,0.804575940814179,0.0733878201308436,9.43198490882415e-05,0.119008337321478,247.089576285626,-6.08957628562613,-0.0232297075091221
"151",48139,"Ellis County, Texas",32,1120,9357,18794,15026,17580,594,45577,25718,88445,173772,0,6788,1386,5428,85,1017,5234,52,111737,172528,173772,171471,6537,3007,9274,141636,185.72129131926,935.660089188595,"Ellis",397,240,0.0339985301599864,0.101167046474691,0.262280459452616,0.815068020164353,0.0537535936195864,0.000465378522781174,0.0876299782470505,245.742834339596,-5.74283433959619,-0.0219070023471174
"152",48441,"Taylor County, Texas",11,3002,6955,13661,19764,10946,880,33404,20530,69751,136870,0,5367,1033,13474,44,1176,5335,8,83518,131204,136870,130580,3382,2207,7298,104989,149.497067700567,915.536352018234,"Taylor",260,221,0.0316411234247538,0.0799736976693212,0.2440564038869,0.767070943230803,0.0556233041675559,9.57877343806126e-05,0.151355490886813,226.222854222571,-5.22285422257076,-0.0199234511996309
"153",48015,"Austin County, Texas",25,111,1511,3408,3583,2684,140,7989,5184,14325,29764,0,1085,45,2952,0,206,715,0,20235,29488,29764,29491,826,820,1293,23146,46.0392640792602,646.49165435744,"Austin",59,232,0.0572425828970332,0.0901760516059669,0.26841150383013,0.777650853379922,0.0438483450895279,0,0.12149469329626,236.245579464377,-4.24557946437685,-0.016195473139404
"154",48213,"Henderson County, Texas",3,525,3800,6553,13599,5404,175,10347,15805,33945,81070,0,2873,690,730,26,325,3892,2,57241,80091,81070,79575,1155,1695,4814,72540,92.7835105326378,873.754393799128,"Henderson",141,198,0.0499337163057888,0.0666584433205872,0.127630442827186,0.894782286912545,0.0601066287098426,3.49399905662025e-05,0.170895381715363,200.487769858969,-2.48776985896863,-0.00949001432337082
"155",48479,"Webb County, Texas",40,1387,10395,20686,74264,1215,601,261132,32124,115090,273526,33,6233,580,6653,31,1130,6168,87,151324,271326,273526,270104,1416,5619,29629,262244,81.370766651783,3361.47748454336,"Webb",538,260,0.0488226605265444,0.00444199088934873,0.954688036969063,0.958753464021702,0.109200740069142,0.000793000449366921,0.274945946746438,255.285830216869,4.71416978313131,0.0179829893040287
"156",48445,"Terry County, Texas",5,2,267,673,2208,609,16,6891,1838,5342,12528,0,163,18,290,0,58,691,0,7990,11535,12528,11511,191,493,1135,11418,14.0947858824755,888.839327142703,"Terry",23,244,0.0922875327592662,0.0486111111111111,0.550047892720307,0.91139846743295,0.0983961855223234,0,0.191816523325515,238.864258444009,5.13574155599056,0.0195911453592764
"157",48037,"Bowie County, Texas",11,983,4814,8614,14534,22879,342,7098,17984,39241,93373,69,3266,879,1383,44,819,4021,6,63248,87808,93373,87652,2619,2215,4961,64586,105.505984696072,885.001929217351,"Bowie",262,340,0.0564460640656456,0.245028005954612,0.0760176924806957,0.691698885116683,0.0564982689504373,0.00118580824690109,0.165814813124629,334.001058299276,5.99894170072365,0.022883966722121
"158",48279,"Lamb County, Texas",17,73,563,887,2453,515,17,7291,2264,5798,13123,0,266,50,320,0,26,437,11,8329,12922,13123,12899,346,207,917,11819,12.9140336271382,1016.18134030739,"Lamb",25,239,0.0357019661952397,0.0392440752876629,0.555589423150194,0.900632477329879,0.070964247020585,0.0013206867571137,0.190169780603148,232.212872679395,6.78712732060497,0.0258906326302165
"159",48073,"Cherokee County, Texas",30,241,2826,4027,8013,7092,294,12058,7434,21592,52118,65,1331,329,1009,43,183,2940,26,33977,49386,52118,48713,1030,1341,3154,42374,49.4968775667482,1052.95530874078,"Cherokee",116,277,0.0621063356798814,0.13607582792893,0.23135960704555,0.813039640815074,0.0638642530271737,0.00267828236748389,0.164494077556299,267.6063678637,9.39363213629965,0.0358335813100162
"160",48361,"Orange County, Texas",21,1022,5606,6996,11029,7327,117,6456,17901,39672,84069,0,1386,283,561,0,209,3005,20,56139,83317,84069,82867,1380,1979,4320,73496,251.865167900073,333.785734251884,"Orange",155,223,0.0498840492034684,0.0871545991982776,0.0767940620204832,0.874234259953134,0.0518501626318758,0.0003562585724719,0.13309278723738,212.976585499513,10.023414500487,0.038235991498884
"161",48201,"Harris County, Texas",92,324288,199571,594342,722792,884292,39955,1995115,587381,2389343,4646630,569,235685,19269,396777,3104,62187,106082,806,2963957,4624525,4646630,4601170,112953,138920,354222,2905947,2723.45841270495,1706.15052476052,"Harris",27828,724,0.0581415058449122,0.190308244900067,0.429368165745928,0.625388076950392,0.0765964071985771,0.000463906865045613,0.157088740472532,712.435585226656,11.5644147733439,0.0441143948443576
"162",48251,"Johnson County, Texas",18,1627,7650,14459,16799,5962,692,35714,31812,81024,167212,16,4463,819,3357,661,817,7330,19,109104,164746,167212,164022,3171,2862,8597,151615,230.630249759412,725.021978575801,"Johnson",309,201,0.0353228672985782,0.035655335741454,0.213585149391192,0.90672320168409,0.0521833610527721,0.000320794837952779,0.102419187669947,189.224094600107,11.7759053998926,0.0449211612210666
"163",48315,"Marion County, Texas",16,32,443,845,1901,2294,23,415,2519,4137,10017,0,231,11,209,41,16,592,0,7579,9886,10017,9906,138,402,301,7292,26.2993440073929,380.884024984964,"Marion",28,331,0.0971718636693256,0.229010681840871,0.0414295697314565,0.72796246381152,0.0304470969047137,0,0.191903896628306,316.574745443206,14.4252545567945,0.0550275468081293
"164",48411,"San Saba County, Texas",15,9,163,464,742,121,31,1803,1169,2598,5991,0,81,0,468,0,18,299,0,4207,5326,5991,5308,292,50,386,5101,5.27695888147029,1135.31299647549,"San Saba",10,200,0.0192455735180908,0.0201969621098314,0.300951427140711,0.85144383241529,0.0724746526473902,0,0.139788997739261,185.349496123998,14.6505038760019,0.0558867980197722
"165",48299,"Llano County, Texas",11,65,1236,3056,2211,143,78,2187,3681,8308,21047,7,834,306,484,0,290,780,0,16841,20835,21047,20795,593,609,1498,19456,22.5329873550788,934.052803045494,"Llano",33,168,0.073302840635532,0.00679431747992588,0.103910296004181,0.924407278947118,0.0718982481401488,0.00041565227718069,0.1063236354893,150.163770584064,17.8362294159366,0.068039281054052
"166",48321,"Matagorda County, Texas",9,710,1693,3064,6884,3813,89,15612,6300,16676,36774,6,902,141,6181,120,148,1314,0,24102,36305,36774,36334,664,957,1964,25145,33.6480253827654,1092.90217127676,"Matagorda",84,285,0.0573878627968338,0.103687387828357,0.424539076521455,0.683771142655137,0.0540972317862553,0.000248941996514812,0.189464413497,266.361682130422,18.6383178695776,0.0710989816474258
"167",48039,"Brazoria County, Texas",43,24110,20100,46212,30317,50437,3656,110463,46607,177487,360677,67,16253,2401,14522,47,4573,13466,75,235400,348786,360677,348507,7996,7821,16968,261164,264.567461331607,1363.2704421952,"Brazoria",942,303,0.0440651991413456,0.139839801262626,0.30626571697114,0.72409385683035,0.0486487416352721,0.000603228547153781,0.0869910790887988,283.386735890446,19.6132641095544,0.0748180771853592
"168",48289,"Leon County, Texas",4,138,858,1242,3023,1173,4,2509,3989,6705,17225,0,394,107,269,55,41,796,76,11969,17136,17225,17129,152,443,866,15331,16.0507842141682,1073.15628757848,"Leon",30,224,0.0660700969425802,0.0680986937590711,0.145660377358491,0.890043541364296,0.0505368814192344,0.00634973682011864,0.176484324829237,203.452148769915,20.5478512300855,0.0783832161102095
"169",48147,"Fannin County, Texas",3,232,1620,2684,3796,1953,250,3900,6626,14551,34537,2,1149,267,642,13,141,1925,5,24275,31653,34537,31577,1142,553,1654,30288,38.7692620600114,890.834598464624,"Fannin",66,211,0.0380042608755412,0.0565480499174798,0.112922373107103,0.876972522222544,0.0522541307301046,0.000288362512873326,0.120214079868259,190.354878017785,20.6451219822147,0.0787542716673076
"170",48021,"Bastrop County, Texas",32,739,3267,7856,9230,6298,564,31852,14098,38605,84522,0,2646,398,17393,0,419,2778,47,55546,82357,84522,82161,2232,2309,5118,57462,95.1604962336303,888.204699904974,"Bastrop",217,259,0.0598109053231447,0.0745131445067556,0.376848631125624,0.679846667139916,0.0621440800417694,0.00084614553703237,0.112340404814937,237.911687287812,21.0883127121879,0.0804448968512522
"171",48029,"Bexar County, Texas",144,55742,100767,221427,301755,149706,13327,1175975,258645,975564,1952843,413,92049,14054,115334,2288,22648,57719,620,1247428,1922572,1952843,1919412,66015,51192,120837,1549704,1574.48395859638,1240.30669816473,"Bexar",6913,415,0.0524742610428429,0.0766605405554876,0.60218614604451,0.793563025803918,0.0628517423534723,0.000828103906598216,0.157212208738926,393.588348881595,21.4116511184045,0.081678325295298
"172",48429,"Stephens County, Texas",19,31,463,693,1835,265,60,2223,1441,3986,9364,0,223,60,263,0,45,360,0,6289,8943,9364,8910,304,261,682,8441,10.4424876678647,896.721193055979,"Stephens",16,206,0.0654791771199197,0.0282998718496369,0.237398547629218,0.901431012387868,0.0762607626076261,0,0.205948372615039,183.73980182199,22.2601981780097,0.0849152500135057
"173",48129,"Donley County, Texas",4,12,157,272,447,189,3,370,611,1535,3342,0,107,12,59,0,10,136,0,2194,3271,3342,3031,68,39,166,3002,3.60554273023939,926.906224677611,"Donley",6,213,0.0254071661237785,0.0565529622980251,0.110712148414123,0.898264512268103,0.050749006420055,0,0.147476080501485,190.005793113178,22.994206886822,0.0877152490306959
"174",48197,"Hardeman County, Texas",8,0,174,273,544,232,10,749,750,1843,3945,0,59,45,108,0,36,154,0,2765,3935,3945,3920,91,142,256,3469,5.67532682449002,695.114153246055,"Hardeman",7,232,0.0770482908301682,0.058808618504436,0.189860583016477,0.879340937896071,0.0650571791613723,0,0.138775510204082,201.697583477069,30.3024165229311,0.11559363732889
"175",48061,"Cameron County, Texas",44,2900,18057,29859,120764,2441,1390,378081,54178,171180,421666,77,9510,982,14178,70,2028,10942,62,246971,419669,421666,418195,3377,9883,42705,397718,472.909764073331,891.64156047033,"Cameron",986,293,0.0577345484285547,0.00578894195880152,0.896636200215336,0.943206234318157,0.101758767028301,0.000562819116414478,0.288774375590335,260.11299712333,32.8870028766703,0.125452974368669
"176",48257,"Kaufman County, Texas",11,1590,6531,10986,13864,14662,614,26524,20469,62219,123804,10,4330,447,3219,78,375,5239,0,79429,122679,123804,122078,3091,3450,5922,100717,158.582850230028,780.689714054324,"Kaufman",379,301,0.0554493000530385,0.118429129915027,0.214241866175568,0.813519757035314,0.0482723204460421,0.00012589860126654,0.113566736021232,252.779694631474,48.2203053685259,0.183944421938748
"177",48119,"Delta County, Texas",7,28,249,560,1039,461,41,408,973,2255,5249,0,296,4,57,0,8,180,0,3603,5183,5249,5183,105,67,223,4594,20.4374756159955,256.832110708029,"Delta",12,269,0.0297117516629712,0.0878262526195466,0.0777290912554772,0.875214326538388,0.043025274937295,0,0.200463052286321,210.412181583443,58.5878184165568,0.223493034913879
"178",48141,"El Paso County, Texas",57,10421,41983,80497,165719,27876,3562,690273,91587,392893,836062,188,29476,5215,103148,1133,5527,29496,88,510680,811690,836062,820912,22210,22773,66917,666059,825.131493458,1013.24698745432,"El Paso",2511,356,0.0579623459822394,0.0333420248737534,0.825624176197459,0.796662209261992,0.0824415725215292,0.000540455862771207,0.201871820609274,296.090312516613,59.9096874833874,0.228535525613981
"179",48237,"Jack County, Texas",13,9,435,534,1255,443,53,1494,1858,3302,8852,0,185,24,79,0,45,569,0,6066,7717,8852,7695,70,130,404,8227,9.71743480744647,910.939993465839,"Jack",19,256,0.0393700787401575,0.0500451875282422,0.168775417984636,0.929394487121554,0.0523519502397305,0,0.163092917478882,192.18628374367,63.81371625633,0.243428096500516
"180",48283,"La Salle County, Texas",19,12,129,327,1098,108,0,6236,1662,2779,7416,0,65,0,566,0,0,357,0,5233,6460,7416,6460,276,95,591,6454,4.98821547273054,1486.70402081498,"La Salle",18,313,0.034184958618208,0.0145631067961165,0.840884573894283,0.870280474649407,0.0914860681114551,0,0.169969040247678,248.619095324915,64.3809046750846,0.245591731612754
"181",48159,"Franklin County, Texas",11,5,532,1399,988,473,26,1550,1540,5124,10716,0,493,31,602,0,20,497,0,7289,10622,10716,10613,392,326,446,9213,37.6804663429379,284.391384715662,"Franklin",22,250,0.0636221701795472,0.0441396043299739,0.144643523702874,0.859742441209406,0.0419883261156091,0,0.0930933760482427,184.598114802942,65.4018851970581,0.24948643262076
"182",48375,"Potter County, Texas",14,6469,5575,7810,22979,12048,407,45859,17581,53700,119674,13,2386,761,2983,258,672,6673,0,75714,112967,119674,112681,3609,1848,10312,93546,131.743005876172,908.389779055781,"Potter",310,329,0.034413407821229,0.100673496331701,0.383199358256597,0.781673546467904,0.0912832951215842,0.0001716987611274,0.203929677585396,259.642094610598,69.3579053894019,0.264577333474608
"183",48291,"Liberty County, Texas",5,439,3202,3692,10708,8273,64,20788,15944,33078,83702,0,1387,496,6215,13,136,4589,3,54264,76291,83702,75950,862,2301,4780,67404,72.2600904571085,1158.34341571553,"Liberty",242,312,0.0695628514420461,0.098838737425629,0.248357267448806,0.805285417313804,0.0626548347773656,5.52852720035383e-05,0.140987491770902,240.681653289571,71.3183467104291,0.272055764869539
"184",48211,"Hemphill County, Texas",2,1,167,396,326,40,2,1391,702,1940,3994,0,105,0,229,0,12,63,0,2428,3958,3994,3958,95,98,94,3629,4.40699724496971,906.286021521543,"Hemphill",7,261,0.0505154639175258,0.0100150225338007,0.348272408612919,0.908612919379069,0.0237493683678626,0,0.0823648307225872,183.297916089061,77.7020839109395,0.296407598400714
"185",48229,"Hudspeth County, Texas",4,34,112,294,886,89,0,3435,654,1244,4415,0,20,2,1197,0,0,244,0,2936,3624,4415,3624,119,82,194,2974,0.965972188473138,4570.52496198525,"Hudspeth",9,324,0.0659163987138264,0.020158550396376,0.778029445073613,0.67361268403171,0.0535320088300221,0,0.24448123620309,245.125477577262,78.8745224227376,0.300880061249367
"186",48167,"Galveston County, Texas",40,10946,21077,45665,40485,41809,3595,82003,44876,167938,332885,56,15991,1306,6797,123,4186,10666,55,223167,327847,332885,326347,9568,10423,16859,262336,878.55349314598,378.9012309404,"Galveston",1135,384,0.0620645714489871,0.125595926521171,0.246340327740811,0.788067951394626,0.0514233773681016,0.000497385366115958,0.124055070216671,300.437612263227,83.5623877367732,0.318762707755373
"187",48455,"Trinity County, Texas",13,5,774,996,2244,1454,13,1460,3092,5514,14620,0,322,18,305,0,33,710,0,10591,14466,14620,14449,281,397,788,12557,21.0724620212328,693.796481173807,"Trinity",37,310,0.0719985491476242,0.099452804377565,0.0998632010943912,0.858891928864569,0.0544725563390018,0,0.155304865388608,222.304390388802,87.6956096111985,0.334529574070823
"188",48099,"Coryell County, Texas",27,1546,5305,5329,7829,10234,149,13761,9262,33889,75280,17,2013,567,823,592,190,4160,0,47776,57995,75280,60505,6693,2092,2739,54825,71.5454277142448,1052.19861569171,"Coryell",246,350,0.0617309451444421,0.135945802337938,0.182797555791711,0.728281083953241,0.0472282093283904,0.000355827193569993,0.129394264936782,261.552448898641,88.4475511013586,0.337397980682565
"189",48107,"Crosby County, Texas",5,33,207,371,1189,212,5,3269,1057,2630,5836,3,95,0,342,11,22,287,0,3747,5758,5836,5758,90,141,449,5148,6.48301453129023,900.198506702797,"Crosby",14,334,0.0536121673003802,0.0363262508567512,0.560143934201508,0.882111034955449,0.077978464744703,0.000800640512409928,0.20649531087183,230.489691276989,103.510308723011,0.394857389583918
"190",48113,"Dallas County, Texas",35,163971,94661,332957,395812,588903,16289,1047434,324146,1371192,2606868,298,138813,10155,176677,1240,37466,53412,465,1669564,2588571,2606868,2577160,68853,65324,204511,1597069,2988.24361797543,872.374656577091,"Dallas",19597,926,0.047640301285305,0.225904418635696,0.401797866251763,0.612638998215483,0.0790053662812417,0.000457005541566541,0.153584565956324,813.883940368286,112.116059631714,0.427685466141133
"191",48271,"Kinney County, Texas",3,0,135,195,667,5,0,2169,881,1254,3659,0,132,1,131,0,32,206,0,2957,3386,3659,3404,1,34,128,3521,2.69033287495238,1360.05474789612,"Kinney",9,333,0.0271132376395534,0.00136649357748019,0.592784913910905,0.962284777261547,0.0378027170702894,0,0.195945945945946,207.168783714429,125.831216285571,0.480004225701287
"192",48185,"Grimes County, Texas",25,55,1052,1881,4134,4244,98,6761,4735,11337,27984,0,926,137,1003,0,114,1950,32,19186,24570,27984,24360,789,667,983,21756,35.5367434927894,787.466640146082,"Grimes",105,410,0.0588339066772515,0.151658090337336,0.241602344196684,0.777444253859348,0.04000814000814,0.00166788283123111,0.169704433497537,281.047648493984,128.952351506017,0.491910318156111
"193",48313,"Madison County, Texas",18,477,469,1023,1319,2332,42,3290,2351,5053,14197,0,317,26,631,10,53,1401,21,9746,11105,14197,10964,364,171,497,10357,30.4614000616814,466.065248847803,"Madison",49,422,0.0338412824064912,0.164260054941185,0.231739099809819,0.729520321194619,0.044754615038271,0.0021547301457008,0.120302809193725,289.675006153897,132.324993846103,0.504775826595181
"194",48401,"Rusk County, Texas",32,279,3281,3830,5769,9075,94,9042,9351,22857,53755,0,1624,90,902,30,152,2356,0,36843,48945,53755,48705,1404,1645,2997,41975,58.174085568559,924.036870964632,"Rusk",188,422,0.0719691998074988,0.168821504976281,0.168207608594549,0.780857594642359,0.0612319950965369,0,0.118447797967354,285.41213980379,136.58786019621,0.521037243452248
"195",48453,"Travis County, Texas",62,82257,47745,267297,143785,101955,19546,414745,117196,716144,1226805,179,107734,7716,101061,650,26783,21818,304,843030,1219139,1226805,1201757,44120,27318,65866,889046,1236.40851641562,992.232731910109,"Travis",5262,473,0.0381459594718381,0.083106117109076,0.338069212303504,0.724684036990394,0.0540266532364234,0.000572933347567702,0.119645652157633,317.152740981571,155.847259018429,0.594505442298479
"196",48245,"Jefferson County, Texas",21,9565,13282,22617,41948,85682,1308,52708,44817,111728,254340,23,7549,961,5363,130,1742,9124,17,169034,240481,254340,237578,4308,5467,19119,148331,290.219219792519,876.372006588092,"Jefferson",1249,597,0.0489313332378634,0.336879767240701,0.207234410631438,0.583199654006448,0.0795031624119993,0.000236638782730102,0.17656517017569,426.190614111916,170.809385888084,0.651580978361121
"197",48183,"Gregg County, Texas",16,1586,6506,11534,21494,24707,492,23100,17847,57889,123443,13,3900,271,1296,130,1082,4633,0,79821,121085,123443,119353,3367,2697,8679,92086,451.542842059205,273.380482430091,"Gregg",506,499,0.0465891620169635,0.200149056649628,0.187130902521812,0.74597992595773,0.0716769211710782,0.000162864409115396,0.180087639187955,322.555297221168,176.444702778832,0.673077837412265
"198",48161,"Freestone County, Texas",21,139,1503,1461,3260,2995,104,3055,3503,7388,19714,18,473,83,298,0,88,1113,0,13915,18047,19714,18054,342,320,905,15857,22.4601939013314,877.730623635952,"Freestone",77,462,0.0433134813210612,0.151922491630313,0.154966014000203,0.804352236988942,0.0501468388097745,0.00129356809198706,0.180569402902404,270.355442734511,191.644557265489,0.731060225241069
"199",48225,"Houston County, Texas",18,88,1245,1910,4308,5888,40,2544,4475,8381,22954,10,523,82,473,0,62,1548,0,16645,19877,22954,19768,420,154,1165,16003,18.6466080148992,1231.00136934605,"Houston",105,548,0.0183748955971841,0.256513026052104,0.110830356364904,0.697176962620894,0.0586104542939075,0.000600781015319916,0.217927964386888,346.821361929503,201.178638070497,0.767429571494508
"200",48373,"Polk County, Texas",29,378,2218,3296,8238,4794,100,7471,10256,20383,48913,0,1034,797,813,70,188,3640,0,35202,45390,48913,45305,990,1512,2748,41071,46.2733500519028,1057.04471245623,"Polk",199,447,0.074179463278222,0.0980107537873367,0.152740580213849,0.839674524155133,0.0605419695968275,0,0.181834234631939,227.888932710546,219.111067289454,0.835835822791114
"201",48457,"Tyler County, Texas",22,70,640,1477,3114,2305,58,1656,5119,7640,21518,0,437,23,407,0,54,1381,0,15116,18863,21518,18844,504,1040,1260,18209,23.2780576509369,924.389840538689,"Tyler",81,466,0.136125654450262,0.107119620782601,0.0769588251696254,0.846221767822288,0.066797434130308,0,0.16525153895139,225.449391242126,240.550608757874,0.917620540492519
"202",48001,"Anderson County, Texas",16,321,2980,2870,6598,12124,226,10283,11407,19868,57810,0,1190,317,1926,9,178,4954,0,42073,44396,57810,44348,896,641,2270,42217,54.4027111362398,1062.63086512779,"Anderson",297,586,0.0322629353734649,0.209721501470334,0.177875800034596,0.730271579311538,0.0511307324984233,0,0.148777847930008,318.671218826307,267.328781173694,1.01977035907951
"203",48025,"Bee County, Texas",7,176,1474,1131,5120,2399,140,19194,4691,10905,32611,0,507,164,561,4,188,2839,7,22009,24977,32611,24846,1135,867,1884,28172,37.0478773010152,880.239365268746,"Bee",145,548,0.0795048143053645,0.0735641348011407,0.588574407408543,0.863880285793137,0.07542939504344,0.000318051706120224,0.206069387426548,263.31882760395,284.68117239605,1.08596395839949
"204",48173,"Glasscock County, Texas",6,0,80,166,177,0,4,661,161,738,1510,0,61,0,507,0,10,5,0,887,1510,1510,1510,0,0,187,1003,1.67737215911956,900.217636134245,"Glasscock",5,535,0,0,0.437748344370861,0.664238410596027,0.123841059602649,0,0.117218543046358,186.661425625628,348.338574374372,1.32879576793564
"205",48207,"Haskell County, Texas",3,16,220,369,1072,228,9,1636,1123,2521,5726,0,96,27,221,0,2,282,0,4008,5271,5726,5262,120,308,319,5114,6.34015124117136,903.133029826921,"Haskell",26,548,0.122173740579135,0.0398183723367097,0.285714285714286,0.893119105833042,0.0605198254600645,0,0.203724819460281,198.824625480523,349.175374519477,1.33198788208326
"206",48255,"Karnes County, Texas",21,161,526,1237,2199,1053,21,8506,2881,5559,15545,0,289,34,1866,0,93,1064,0,10693,12633,15545,12432,606,284,620,11825,20.7960701840378,747.496996424435,"Karnes",77,616,0.0510883252383522,0.0677388227725957,0.547185590221936,0.760694757156642,0.0490778120794744,0,0.176882239382239,253.514900565623,362.485099434377,1.38276005444767
"207",48227,"Howard County, Texas",21,252,1698,2100,5470,2020,51,15452,5717,15417,36349,11,753,430,2160,19,213,2600,0,24691,31769,36349,31555,1162,1075,1857,30306,40.3522924563251,900.791449193178,"Howard",177,612,0.0697282220924953,0.0555723678780709,0.425101103194036,0.833750584610306,0.0584532091032138,0.000445506459843668,0.173348122326097,228.731606175706,383.268393824294,1.46204140787998
"208",48489,"Willacy County, Texas",17,0,636,866,5468,138,14,19039,3850,8863,21588,0,267,144,271,0,31,891,46,13296,20335,21588,20275,60,1224,2419,20975,36.5525351476972,590.601990060873,"Willacy",127,748,0.138102222723683,0.00639244024458032,0.881925143598295,0.971604595145451,0.118957462503074,0.00345968712394705,0.269691738594328,247.424361257623,500.575638742376,1.90952951876548
"209",48095,"Concho County, Texas",10,13,74,255,268,41,7,1474,650,917,3266,0,80,14,32,0,0,158,19,2626,2195,3266,2195,9,12,63,3157,3.31993197206041,983.755097238651,"Concho",21,709,0.0130861504907306,0.0125535823637477,0.451316595223515,0.966625842008573,0.0287015945330296,0.00723533891850724,0.122095671981777,198.205738578586,510.794261421414,1.94851016451918
"210",48471,"Walker County, Texas",20,920,2487,6700,12325,16780,599,12973,11799,27203,72321,0,2071,315,462,14,331,6775,0,46597,58240,72321,55013,1030,904,3872,52800,92.2200947607164,784.221705558332,"Walker",694,994,0.0332316288644635,0.232021128026438,0.179380816083848,0.730078400464595,0.0664835164835165,0,0.224037954665261,336.626761890111,657.373238109889,2.50766019331459
"211",48163,"Frio County, Texas",21,170,962,481,3618,718,116,15753,3289,7112,19871,0,253,27,2250,0,57,963,22,12449,15664,19871,15557,364,478,1288,16342,17.5306454130519,1133.5007657622,"Frio",148,960,0.0672103487064117,0.0361330582255548,0.792763323436163,0.822404509083589,0.0822267620020429,0.00176721021768817,0.232564119046089,259.513358868497,700.486641131503,2.6721234818818
"212",48389,"Reeves County, Texas",10,204,646,915,2033,446,34,11571,2751,6496,15492,7,279,8,2682,21,63,682,0,10500,13635,15492,13512,117,583,1185,12014,5.8785281736185,2635.35353449943,"Reeves",121,1000,0.0897475369458128,0.0287890524141492,0.746901626646011,0.775497030725536,0.0869086908690869,0.000666666666666667,0.150458851391356,247.991904722112,752.008095277887,2.86866068810585
"213",48169,"Garza County, Texas",6,119,94,453,829,347,8,3170,1076,1991,6070,0,161,16,387,0,4,213,0,4509,4208,6070,4208,81,51,276,5120,6.79416498120286,893.41368906902,"Garza",54,1033,0.0256152687091914,0.057166392092257,0.522240527182867,0.843492586490939,0.0655893536121673,0,0.197005703422053,242.078489725414,790.921510274586,3.01710241970679
"214",48033,"Borden County, Texas",7,0,26,113,16,0,0,84,63,237,613,0,52,0,0,0,0,21,0,418,613,613,613,15,6,0,598,0.683051921068889,897.442758144554,"Borden",17,3230,0.0253164556962025,0,0.137030995106036,0.975530179445351,0,0,0.0261011419249592,148.962768484085,3081.03723151592,11.7531319677804
